<?xml version="1.0" encoding="UTF-8"?><?xml-stylesheet type='text/xsl' href='_UpgradeReport_Files/UpgradeReport.xslt'?><UpgradeLog>
<Properties><Property Name="Solution" Value="quake2">
</Property><Property Name="Solution File" Value="C:\Users\Adela\Desktop\quake2-tutorials\quake2.sln">
</Property><Property Name="Date" Value="Wednesday, April 06, 2016">
</Property><Property Name="Time" Value="14:09 PM">
</Property></Properties><Event ErrorLevel="0" Project="" Source="quake2.sln" Description="Solution converted successfully">
</Event><Event ErrorLevel="3" Project="" Source="quake2.sln" Description="Converted">
</Event></UpgradeLog>